
{
    "code": "200",
    "type": "success",
    "accountDetailsList": [
        {
            "accountNumber": "6035320132527993",
            "defaultAccountFlag": false,
            "systemId": "9196",
            "principleId": "0401",
            "agentId": "0001",
            "customerName": null,
            "embossedName": null,
            "externalStatusCode": null,
            "internalStatusCode": null,
            "statusReasonCode": null,
            "custLangCode": null,
            "authCode": null,
            "reIssueCntrlCode": null,
            "ssnLast4": "6789",
            "roleId": "01",
            "cardNumber": null,
            "phoneTypeCd": [
                "HM"
            ]
        }
    ]
}



