{
          "accountSummary": {
            "billingDetails": {
              "firstName": "LINKED",
              "middleName": null,
              "lastName": "TEST",
              "suffix": null,
              "billingAddress": {
                "addressLine1": "APT NO 343",
                "addressLine2": "324 PARKWAY NORTH",
                "city": "FRESNO",
                "state": "CA",
                "postalCode": "*****",
                "countryCode": null
              }
            },
            "minimumPaymentDueAmount": 0,
            "paymentDueDate": "2020-07-21",
            "pastDueAmount": 0,
            "currentBalanceAmount": 145.71,
            "lastStatementBalanceAmount": 204.71,
            "nextStatementDate": "2020-07-24",
            "availableCreditAmount": 1854,
            "creditLimitAmount": 2000,
            "financeChargeAmount": 204.71,
            "forbearanceFlag": false,
            "disputeAmount": 0
          },
          "addPaymentDetails": [
            {
              "paymentDetails": {
                "paymentDate": "2020-07-09",
                "paymentAmount": {
                  "amountPaymentOption": null,
                  "paymentAmount": 10,
                  "paymentOptionDisplayName": null,
                  "paymentOptionValueFlag": null,
                  "paymentOptionAmountAdjustmentText": null,
                  "allowedPromotionalBalanceIds": null
                },
                "bankAccount": {
                  "confirmationNumber": "240144665710836",
                  "accountHolder": null,
                  "accountNickname": "",
                  "defaultAccountFlag": true,
                  "accountType": "CHECKING",
                  "accountTypeDisplayName": null,
                  "bankName": "CITIBANK, N.A.",
                  "routingNumber": "*****0868",
                  "accountNumber": "**1852"
                },
                "debitCard": null,
                "savePaymentInfo": null,
                "promotionalBalanceAllocations": null
              },
              "confirmationNumber": "430164603052319",
              "validationErrors": [],
              "paymentWarnings": []
            }
          ],
          "paymentHistory": {
            "pendingPayments": [
              {
                "confirmationNumber": "430164603052319",
                "paymentDate": "2020-07-09",
                "paymentInitiatedDate": null,
                "paymentType": null,
                "paymentStatus": null,
                "paymentStatusDisplayName": null,
                "paymentAmount": {
                  "amountPaymentOption": "OTHER",
                  "paymentAmount": 10,
                  "paymentOptionDisplayName": "Different Amount",
                  "paymentOptionValueFlag": true,
                  "paymentOptionAmountAdjustmentText": null,
                  "allowedPromotionalBalanceIds": null
                },
                "paymentAmountCurrencyCode": "USD",
                "bankAccount": null,
                "debitCard": null,
                "channelType": null,
                "paymentEditAllowedFlag": null,
                "paymentDeleteAllowedFlag": null,
                "promotionalBalanceAllocations": null
              },
              {
                "confirmationNumber": "430164397403837",
                "paymentDate": "2020-07-10",
                "paymentInitiatedDate": "2020-07-09",
                "paymentType": "ONETIME PAYMENT",
                "paymentStatus": "Scheduled",
                "paymentStatusDisplayName": "Scheduled",
                "paymentAmount": {
                  "amountPaymentOption": "OTHER",
                  "paymentAmount": 10,
                  "paymentOptionDisplayName": "Different Amount",
                  "paymentOptionValueFlag": true,
                  "paymentOptionAmountAdjustmentText": null,
                  "allowedPromotionalBalanceIds": null
                },
                "paymentAmountCurrencyCode": "USD",
                "bankAccount": {
                  "confirmationNumber": "240144665710836",
                  "accountHolder": {
                    "firstName": null,
                    "middleName": null,
                    "lastName": null,
                    "suffix": null,
                    "billingAddress": null
                  },
                  "accountNickname": null,
                  "defaultAccountFlag": false,
                  "accountType": "CHECKING",
                  "accountTypeDisplayName": "Checking",
                  "bankName": "CITIBANK, N.A.",
                  "routingNumber": "*****0868",
                  "accountNumber": "**1852"
                },
                "debitCard": null,
                "channelType": "MOBILE",
                "paymentEditAllowedFlag": false,
                "paymentDeleteAllowedFlag": true,
                "promotionalBalanceAllocations": null
              },
              {
                "confirmationNumber": "420152370204970",
                "paymentDate": "2020-07-21",
                "paymentInitiatedDate": "2020-06-25",
                "paymentType": "ONETIME PAYMENT",
                "paymentStatus": "Scheduled",
                "paymentStatusDisplayName": "Scheduled",
                "paymentAmount": {
                  "amountPaymentOption": "OTHER",
                  "paymentAmount": 40,
                  "paymentOptionDisplayName": "Different Amount",
                  "paymentOptionValueFlag": true,
                  "paymentOptionAmountAdjustmentText": null,
                  "allowedPromotionalBalanceIds": null
                },
                "paymentAmountCurrencyCode": "USD",
                "bankAccount": {
                  "confirmationNumber": "240144665710836",
                  "accountHolder": {
                    "firstName": null,
                    "middleName": null,
                    "lastName": null,
                    "suffix": null,
                    "billingAddress": null
                  },
                  "accountNickname": null,
                  "defaultAccountFlag": false,
                  "accountType": "CHECKING",
                  "accountTypeDisplayName": "Checking",
                  "bankName": "CITIBANK, N.A.",
                  "routingNumber": "*****0868",
                  "accountNumber": "**1852"
                },
                "debitCard": null,
                "channelType": "MOBILE",
                "paymentEditAllowedFlag": false,
                "paymentDeleteAllowedFlag": true,
                "promotionalBalanceAllocations": null
              }
            ],
            "pastPayments": [
              {
                "confirmationNumber": "200144667180899",
                "paymentDate": "2020-06-17",
                "paymentInitiatedDate": "2020-06-16",
                "paymentType": "ONETIME PAYMENT",
                "paymentStatus": "Credited",
                "paymentStatusDisplayName": "Credited",
                "paymentAmount": {
                  "amountPaymentOption": "OTHER",
                  "paymentAmount": 5,
                  "paymentOptionDisplayName": "Different Amount",
                  "paymentOptionValueFlag": true,
                  "paymentOptionAmountAdjustmentText": null,
                  "allowedPromotionalBalanceIds": null
                },
                "paymentAmountCurrencyCode": "USD",
                "bankAccount": {
                  "confirmationNumber": "240144665710836",
                  "accountHolder": null,
                  "accountNickname": null,
                  "defaultAccountFlag": false,
                  "accountType": "CHECKING",
                  "accountTypeDisplayName": "Checking",
                  "bankName": "CITIBANK, N.A.",
                  "routingNumber": "*****0868",
                  "accountNumber": "**1852"
                },
                "debitCard": null,
                "channelType": "PHONE",
                "paymentEditAllowedFlag": null,
                "paymentDeleteAllowedFlag": null,
                "promotionalBalanceAllocations": null
              },
              {
                "confirmationNumber": "090144666855250",
                "paymentDate": "2020-06-17",
                "paymentInitiatedDate": "2020-06-16",
                "paymentType": "ONETIME PAYMENT",
                "paymentStatus": "Credited",
                "paymentStatusDisplayName": "Credited",
                "paymentAmount": {
                  "amountPaymentOption": "OTHER",
                  "paymentAmount": 5,
                  "paymentOptionDisplayName": "Different Amount",
                  "paymentOptionValueFlag": true,
                  "paymentOptionAmountAdjustmentText": null,
                  "allowedPromotionalBalanceIds": null
                },
                "paymentAmountCurrencyCode": "USD",
                "bankAccount": {
                  "confirmationNumber": "040144665315134",
                  "accountHolder": null,
                  "accountNickname": null,
                  "defaultAccountFlag": false,
                  "accountType": "CHECKING",
                  "accountTypeDisplayName": "Checking",
                  "bankName": "BANK OF AMERICA, NA",
                  "routingNumber": "*****0025",
                  "accountNumber": "**2963"
                },
                "debitCard": null,
                "channelType": "PHONE",
                "paymentEditAllowedFlag": null,
                "paymentDeleteAllowedFlag": null,
                "promotionalBalanceAllocations": null
              },
              {
                "confirmationNumber": "090144666495220",
                "paymentDate": "2020-06-17",
                "paymentInitiatedDate": "2020-06-16",
                "paymentType": "ONETIME PAYMENT",
                "paymentStatus": "Credited",
                "paymentStatusDisplayName": "Credited",
                "paymentAmount": {
                  "amountPaymentOption": "OTHER",
                  "paymentAmount": 5,
                  "paymentOptionDisplayName": "Different Amount",
                  "paymentOptionValueFlag": true,
                  "paymentOptionAmountAdjustmentText": null,
                  "allowedPromotionalBalanceIds": null
                },
                "paymentAmountCurrencyCode": "USD",
                "bankAccount": {
                  "confirmationNumber": "240144664840794",
                  "accountHolder": null,
                  "accountNickname": null,
                  "defaultAccountFlag": false,
                  "accountType": "CHECKING",
                  "accountTypeDisplayName": "Checking",
                  "bankName": "MANUFACTURERS AND TRADERS TR C",
                  "routingNumber": "*****2955",
                  "accountNumber": "**2963"
                },
                "debitCard": null,
                "channelType": "PHONE",
                "paymentEditAllowedFlag": null,
                "paymentDeleteAllowedFlag": null,
                "promotionalBalanceAllocations": null
              },
              {
                "confirmationNumber": "430151611056965",
                "paymentDate": "2020-06-24",
                "paymentInitiatedDate": "2020-06-24",
                "paymentType": "ONETIME PAYMENT",
                "paymentStatus": "Credited",
                "paymentStatusDisplayName": "Credited",
                "paymentAmount": {
                  "amountPaymentOption": "OTHER",
                  "paymentAmount": 23,
                  "paymentOptionDisplayName": "Different Amount",
                  "paymentOptionValueFlag": true,
                  "paymentOptionAmountAdjustmentText": null,
                  "allowedPromotionalBalanceIds": null
                },
                "paymentAmountCurrencyCode": "USD",
                "bankAccount": {
                  "confirmationNumber": "240144665710836",
                  "accountHolder": null,
                  "accountNickname": null,
                  "defaultAccountFlag": false,
                  "accountType": "CHECKING",
                  "accountTypeDisplayName": "Checking",
                  "bankName": "CITIBANK, N.A.",
                  "routingNumber": "*****0868",
                  "accountNumber": "**1852"
                },
                "debitCard": null,
                "channelType": "MOBILE",
                "paymentEditAllowedFlag": null,
                "paymentDeleteAllowedFlag": null,
                "promotionalBalanceAllocations": null
              },
              {
                "confirmationNumber": "420152621655861",
                "paymentDate": "2020-06-25",
                "paymentInitiatedDate": "2020-06-25",
                "paymentType": "ONETIME PAYMENT",
                "paymentStatus": "Credited",
                "paymentStatusDisplayName": "Credited",
                "paymentAmount": {
                  "amountPaymentOption": "OTHER",
                  "paymentAmount": 44,
                  "paymentOptionDisplayName": "Different Amount",
                  "paymentOptionValueFlag": true,
                  "paymentOptionAmountAdjustmentText": null,
                  "allowedPromotionalBalanceIds": null
                },
                "paymentAmountCurrencyCode": "USD",
                "bankAccount": {
                  "confirmationNumber": "240144665710836",
                  "accountHolder": null,
                  "accountNickname": null,
                  "defaultAccountFlag": false,
                  "accountType": "CHECKING",
                  "accountTypeDisplayName": "Checking",
                  "bankName": "CITIBANK, N.A.",
                  "routingNumber": "*****0868",
                  "accountNumber": "**1852"
                },
                "debitCard": null,
                "channelType": "MOBILE",
                "paymentEditAllowedFlag": null,
                "paymentDeleteAllowedFlag": null,
                "promotionalBalanceAllocations": null
              },
              {
                "confirmationNumber": "430156743769762",
                "paymentDate": "2020-06-30",
                "paymentInitiatedDate": "2020-06-30",
                "paymentType": "ONETIME PAYMENT",
                "paymentStatus": "Credited",
                "paymentStatusDisplayName": "Credited",
                "paymentAmount": {
                  "amountPaymentOption": "OTHER",
                  "paymentAmount": 10,
                  "paymentOptionDisplayName": "Different Amount",
                  "paymentOptionValueFlag": true,
                  "paymentOptionAmountAdjustmentText": null,
                  "allowedPromotionalBalanceIds": null
                },
                "paymentAmountCurrencyCode": "USD",
                "bankAccount": {
                  "confirmationNumber": "240144664840794",
                  "accountHolder": null,
                  "accountNickname": null,
                  "defaultAccountFlag": false,
                  "accountType": "CHECKING",
                  "accountTypeDisplayName": "Checking",
                  "bankName": "MANUFACTURERS AND TRADERS TR C",
                  "routingNumber": "*****2955",
                  "accountNumber": "**2963"
                },
                "debitCard": null,
                "channelType": "MOBILE",
                "paymentEditAllowedFlag": null,
                "paymentDeleteAllowedFlag": null,
                "promotionalBalanceAllocations": null
              },
              {
                "confirmationNumber": "430156706117967",
                "paymentDate": "2020-06-30",
                "paymentInitiatedDate": "2020-06-30",
                "paymentType": "ONETIME PAYMENT",
                "paymentStatus": "Canceled",
                "paymentStatusDisplayName": "Canceled",
                "paymentAmount": {
                  "amountPaymentOption": "OTHER",
                  "paymentAmount": 1,
                  "paymentOptionDisplayName": "Different Amount",
                  "paymentOptionValueFlag": true,
                  "paymentOptionAmountAdjustmentText": null,
                  "allowedPromotionalBalanceIds": null
                },
                "paymentAmountCurrencyCode": "USD",
                "bankAccount": {
                  "confirmationNumber": "240144664840794",
                  "accountHolder": null,
                  "accountNickname": null,
                  "defaultAccountFlag": false,
                  "accountType": "CHECKING",
                  "accountTypeDisplayName": "Checking",
                  "bankName": "MANUFACTURERS AND TRADERS TR C",
                  "routingNumber": "*****2955",
                  "accountNumber": "**2963"
                },
                "debitCard": null,
                "channelType": "MOBILE",
                "paymentEditAllowedFlag": null,
                "paymentDeleteAllowedFlag": null,
                "promotionalBalanceAllocations": null
              },
              {
                "confirmationNumber": "420157897339316",
                "paymentDate": "2020-07-01",
                "paymentInitiatedDate": "2020-07-01",
                "paymentType": "ONETIME PAYMENT",
                "paymentStatus": "Credited",
                "paymentStatusDisplayName": "Credited",
                "paymentAmount": {
                  "amountPaymentOption": "OTHER",
                  "paymentAmount": 5,
                  "paymentOptionDisplayName": "Different Amount",
                  "paymentOptionValueFlag": true,
                  "paymentOptionAmountAdjustmentText": null,
                  "allowedPromotionalBalanceIds": null
                },
                "paymentAmountCurrencyCode": "USD",
                "bankAccount": {
                  "confirmationNumber": "240144664840794",
                  "accountHolder": null,
                  "accountNickname": null,
                  "defaultAccountFlag": false,
                  "accountType": "CHECKING",
                  "accountTypeDisplayName": "Checking",
                  "bankName": "MANUFACTURERS AND TRADERS TR C",
                  "routingNumber": "*****2955",
                  "accountNumber": "**2963"
                },
                "debitCard": null,
                "channelType": "MOBILE",
                "paymentEditAllowedFlag": null,
                "paymentDeleteAllowedFlag": null,
                "promotionalBalanceAllocations": null
              }
            ],
            "promiseToPays": null
          },
          "bankName": null,
          "partnerName": "The Home Depot",
          "productName": "The Home Depot® Consumer Credit Card",
          "emailAddress": "",
          "validPaymentDates": [
            "2020-07-09",
            "2020-07-10",
            "2020-07-11",
            "2020-07-12",
            "2020-07-13",
            "2020-07-14",
            "2020-07-15",
            "2020-07-16",
            "2020-07-17",
            "2020-07-18",
            "2020-07-19",
            "2020-07-20",
            "2020-07-21",
            "2020-07-22",
            "2020-07-23",
            "2020-07-24",
            "2020-07-25",
            "2020-07-26",
            "2020-07-27",
            "2020-07-28",
            "2020-07-29",
            "2020-07-30",
            "2020-07-31",
            "2020-08-01",
            "2020-08-02",
            "2020-08-03",
            "2020-08-04",
            "2020-08-05",
            "2020-08-06",
            "2020-08-07",
            "2020-08-08",
            "2020-08-09",
            "2020-08-10",
            "2020-08-11",
            "2020-08-12",
            "2020-08-13",
            "2020-08-14",
            "2020-08-15",
            "2020-08-16",
            "2020-08-17",
            "2020-08-18",
            "2020-08-19",
            "2020-08-20",
            "2020-08-21",
            "2020-08-22",
            "2020-08-23"
          ],
          "validPromoPaymentDates": null,
          "uuid": null,
          "validPaymentMethods": [
            {
              "type": "CHECKING",
              "displayName": "Checking"
            },
            {
              "type": "SAVINGS",
              "displayName": "Savings/Money Market"
            }
          ],
          "validPaymentAmounts": [
            {
              "amountPaymentOption": "MIN_PAYMENT_DUE",
              "paymentAmount": 0,
              "paymentOptionDisplayName": "Minimum Payment Due",
              "paymentOptionValueFlag": false,
              "paymentOptionAmountAdjustmentText": "",
              "allowedPromotionalBalanceIds": null
            },
            {
              "amountPaymentOption": "CURRENT_BALANCE",
              "paymentAmount": 95.71,
              "paymentOptionDisplayName": "Current Balance",
              "paymentOptionValueFlag": false,
              "paymentOptionAmountAdjustmentText": "",
              "allowedPromotionalBalanceIds": null
            },
            {
              "amountPaymentOption": "TOTAL_AMOUNT_DUE",
              "paymentAmount": 0,
              "paymentOptionDisplayName": "Past Due",
              "paymentOptionValueFlag": false,
              "paymentOptionAmountAdjustmentText": "",
              "allowedPromotionalBalanceIds": null
            },
            {
              "amountPaymentOption": "FULL_BALANCE_PLUS_AUTHORIZATIONS",
              "paymentAmount": 95.71,
              "paymentOptionDisplayName": "Full Balance + Authorizations",
              "paymentOptionValueFlag": false,
              "paymentOptionAmountAdjustmentText": "",
              "allowedPromotionalBalanceIds": null
            },
            {
              "amountPaymentOption": "OTHER",
              "paymentAmount": 0,
              "paymentOptionDisplayName": "Different Amount",
              "paymentOptionValueFlag": true,
              "paymentOptionAmountAdjustmentText": "",
              "allowedPromotionalBalanceIds": null
            },
            {
              "amountPaymentOption": "AMOUNT_TO_AVOID_INTEREST",
              "paymentAmount": 95.71,
              "paymentOptionDisplayName": "Amount To Avoid Interest",
              "paymentOptionValueFlag": false,
              "paymentOptionAmountAdjustmentText": "",
              "allowedPromotionalBalanceIds": null
            }
          ],
          "validAutopayOptions": [
            {
              "amountPaymentOption": "MIN_PAYMENT_DUE",
              "paymentOptionDisplayName": "Minimum Payment Due",
              "paymentOptionValueFlag": false
            },
            {
              "amountPaymentOption": "LAST_STMT_BALANCE",
              "paymentOptionDisplayName": "Statement Balance in Full",
              "paymentOptionValueFlag": false
            },
            {
              "amountPaymentOption": "MIN_PAYMENT_DUE_PLUS_OTHER",
              "paymentOptionDisplayName": "Minimum  Payment Due + Extra Amount",
              "paymentOptionValueFlag": true
            },
            {
              "amountPaymentOption": "OTHER_AMOUNT_OR_MIN_DUE",
              "paymentOptionDisplayName": "Other Amount",
              "paymentOptionValueFlag": true
            }
          ],
          "autopayEnrolledFlag": false,
          "autopayEligibleFlag": false,
          "validBankAccounts": [
            {
              "confirmationNumber": "040144665315134",
              "accountHolder": null,
              "accountNickname": "",
              "defaultAccountFlag": false,
              "accountType": "CHECKING",
              "accountTypeDisplayName": "Checking",
              "bankName": "BANK OF AMERICA, NA",
              "routingNumber": "*****0025",
              "accountNumber": "**2963"
            },
            {
              "confirmationNumber": "240144664840794",
              "accountHolder": null,
              "accountNickname": "",
              "defaultAccountFlag": false,
              "accountType": "CHECKING",
              "accountTypeDisplayName": "Checking",
              "bankName": "MANUFACTURERS AND TRADERS TR C",
              "routingNumber": "*****2955",
              "accountNumber": "**2963"
            },
            {
              "confirmationNumber": "240144665710836",
              "accountHolder": {
                "firstName": "LINKED",
                "middleName": null,
                "lastName": "TEST",
                "suffix": null,
                "billingAddress": {
                  "addressLine1": "APT NO 343",
                  "addressLine2": "324 PARKWAY NORTH",
                  "city": "FRESNO",
                  "state": "CA",
                  "postalCode": "*****",
                  "countryCode": null
                }
              },
              "accountNickname": "",
              "defaultAccountFlag": true,
              "accountType": "CHECKING",
              "accountTypeDisplayName": "Checking",
              "bankName": "CITIBANK, N.A.",
              "routingNumber": "*****0868",
              "accountNumber": "**1852"
            }
          ],
          "validDebitCards": [],
          "validAutoPayBankAccounts": [
            {
              "confirmationNumber": "040144665315134",
              "accountHolder": null,
              "accountNickname": "",
              "defaultAccountFlag": false,
              "accountType": "CHECKING",
              "accountTypeDisplayName": "Checking",
              "bankName": "BANK OF AMERICA, NA",
              "routingNumber": "*****0025",
              "accountNumber": "**2963"
            },
            {
              "confirmationNumber": "240144664840794",
              "accountHolder": null,
              "accountNickname": "",
              "defaultAccountFlag": false,
              "accountType": "CHECKING",
              "accountTypeDisplayName": "Checking",
              "bankName": "MANUFACTURERS AND TRADERS TR C",
              "routingNumber": "*****2955",
              "accountNumber": "**2963"
            },
            {
              "confirmationNumber": "240144665710836",
              "accountHolder": {
                "firstName": "LINKED",
                "middleName": null,
                "lastName": "TEST",
                "suffix": null,
                "billingAddress": {
                  "addressLine1": "APT NO 343",
                  "addressLine2": "324 PARKWAY NORTH",
                  "city": "FRESNO",
                  "state": "CA",
                  "postalCode": "*****",
                  "countryCode": null
                }
              },
              "accountNickname": "",
              "defaultAccountFlag": true,
              "accountType": "CHECKING",
              "accountTypeDisplayName": "Checking",
              "bankName": "CITIBANK, N.A.",
              "routingNumber": "*****0868",
              "accountNumber": "**1852"
            }
          ],
          "validAutoPayDebitCards": null,
          "paymentSourceSaveEligibleFlag": false,
          "verificationTextOption": "SAME_DAY_BEFORE_CUTOFF",
          "uiPermissions": [
            "SUBMIT_PAYMENT",
            "EDIT_PAYMENT",
            "DELETE_PAYMENT",
            "ADD_PAYMENT_SOURCE",
            "EDIT_PAYMENT_SOURCE",
            "DELETE_PAYMENT_SOURCE"
          ],
          "paymentFlag": true,
          "pastDueFlag": false,
          "authorizationMessage": null,
          "confirmationMessage": {
            "messageId": "commonwealth.payments.PaymentScheduledMessage",
            "messageText": "Your payment(s) are scheduled. We'll send a confirmation message soon.",
            "wcagMessageText": ""
          },
          "offerMessage": null,
          "dynamicCopies": null
        }
