{
    "allowNegativeBalanceFlag": false,
    "separateAccountEntityFlag": null,
    "cobrandAccountFlag": null,
    "commercialAccountFlag": false,
    "accountNumber": null,
    "validAutoPaymentDates": [
        "2020-07-26",
        "2020-07-27",
        "2020-07-28",
        "2020-08-01",
        "2020-08-02",
        "2020-08-03",
        "2020-08-04",
        "2020-08-05",
        "2020-08-26",
        "2020-08-27",
        "2020-08-28",
        "2020-09-01",
        "2020-09-02",
        "2020-09-03",
        "2020-09-04",
        "2020-09-05"
    ],
    "validPromiseToPayDates": [
        "2020-07-02",
        "2020-07-03",
        "2020-07-04",
        "2020-07-05",
        "2020-07-06",
        "2020-07-07",
        "2020-07-08",
        "2020-07-09",
        "2020-07-10",
        "2020-07-11",
        "2020-07-12",
        "2020-07-13",
        "2020-07-14",
        "2020-07-15",
        "2020-07-16",
        "2020-07-17",
        "2020-07-18",
        "2020-07-19",
        "2020-07-20",
        "2020-07-21",
        "2020-07-22",
        "2020-07-23",
        "2020-07-24",
        "2020-07-25",
        "2020-07-26",
        "2020-07-27",
        "2020-07-28",
        "2020-07-29",
        "2020-07-30",
        "2020-07-31",
        "2020-08-01",
        "2020-08-02",
        "2020-08-03",
        "2020-08-04",
        "2020-08-05",
        "2020-08-06",
        "2020-08-07",
        "2020-08-08",
        "2020-08-09"
    ],
    "accountSummary": {
        "billingDetails": {
            "firstName": "ACXIOM",
            "middleName": null,
            "lastName": "SEARS",
            "suffix": null,
            "billingAddress": {
                "addressLine1": "6855 PACIFIC STREET",
                "addressLine2": null,
                "city": "SAN JOSE",
                "state": "CA",
                "postalCode": "*****",
                "countryCode": null
            }
        },
        "minimumPaymentDueAmount": 0,
        "paymentDueDate": "2020-07-05",
        "pastDueAmount": 0,
        "currentBalanceAmount": 0,
        "lastStatementBalanceAmount": 748.33,
        "nextStatementDate": "2020-07-09",
        "availableCreditAmount": 1700,
        "creditLimitAmount": 1700,
        "financeChargeAmount": 748.33,
        "forbearanceFlag": false,
        "disputeAmount": 0
    },
    "paymentDetails": null,
    "paymentHistory": {
        "pendingPayments": [],
        "pastPayments": [],
        "promiseToPays": null
    },
    "bankName": null,
    "paymentViaDefaults": null,
    "partnerName": "Sears",
    "productName": "Sears Mastercard card",
    "emailAddress": "",
    "validPaymentDates": [
        "2020-07-09",
        "2020-07-10",
        "2020-07-11",
        "2020-07-12",
        "2020-07-13",
        "2020-07-14",
        "2020-07-15",
        "2020-07-16",
        "2020-07-17",
        "2020-07-18",
        "2020-07-19",
        "2020-07-20",
        "2020-07-21",
        "2020-07-22",
        "2020-07-23",
        "2020-07-24",
        "2020-07-25",
        "2020-07-26",
        "2020-07-27",
        "2020-07-28",
        "2020-07-29",
        "2020-07-30",
        "2020-07-31",
        "2020-08-01",
        "2020-08-02",
        "2020-08-03",
        "2020-08-04",
        "2020-08-05",
        "2020-08-06",
        "2020-08-07",
        "2020-08-08",
        "2020-08-09",
        "2020-08-10",
        "2020-08-11",
        "2020-08-12",
        "2020-08-13",
        "2020-08-14",
        "2020-08-15",
        "2020-08-16",
        "2020-08-17",
        "2020-08-18",
        "2020-08-19",
        "2020-08-20",
        "2020-08-21",
        "2020-08-22",
        "2020-08-23"
    ],
    "validPromoPaymentDates": null,
    "uuid": "0393f336-5758-47e4-916c-1c21163c34a0",
    "validPaymentMethods": [
        {
            "type": "CHECKING",
            "displayName": "Checking"
        },
        {
            "type": "SAVINGS",
            "displayName": "Savings/Money Market"
        }
    ],
    "validActionsByRole": [
        {
            "roleId": "primary",
            "actions": [
                {
                    "actionName": "CREATE_ONE_TIME_PAYMENTS",
                    "actionProperties": [
                        {
                            "name": "NUMBER_ALLOWED_PAYMENTS",
                            "value": "1"
                        },
                        {
                            "name": "CHECKING_FUTURE_PAYMENT_METHOD",
                            "value": null
                        },
                        {
                            "name": "CHECKING_SAMEDAY_PAYMENT_METHOD",
                            "value": null
                        }
                    ]
                },
                {
                    "actionName": "UPDATE_ONE_TIME_PAYMENTS",
                    "actionProperties": null
                },
                {
                    "actionName": "USE_PAYMENT_SOURCES",
                    "actionProperties": null
                }
            ]
        }
    ],
    "validPaymentAmounts": [
        {
            "amountPaymentOption": "MIN_PAYMENT_DUE",
            "paymentAmount": 0,
            "paymentOptionDisplayName": "Minimum Payment Due",
            "paymentOptionValueFlag": false,
            "paymentOptionAmountAdjustmentText": "",
            "allowedPromotionalBalanceIds": null
        },
        {
            "amountPaymentOption": "CURRENT_BALANCE",
            "paymentAmount": 0,
            "paymentOptionDisplayName": "Current Balance",
            "paymentOptionValueFlag": false,
            "paymentOptionAmountAdjustmentText": "",
            "allowedPromotionalBalanceIds": null
        },
        {
            "amountPaymentOption": "TOTAL_AMOUNT_DUE",
            "paymentAmount": 0,
            "paymentOptionDisplayName": "Past Due",
            "paymentOptionValueFlag": false,
            "paymentOptionAmountAdjustmentText": "",
            "allowedPromotionalBalanceIds": null
        },
        {
            "amountPaymentOption": "FULL_BALANCE_PLUS_AUTHORIZATIONS",
            "paymentAmount": 0,
            "paymentOptionDisplayName": "Full Balance + Authorizations",
            "paymentOptionValueFlag": false,
            "paymentOptionAmountAdjustmentText": "",
            "allowedPromotionalBalanceIds": null
        },
        {
            "amountPaymentOption": "OTHER",
            "paymentAmount": 0,
            "paymentOptionDisplayName": "Different Amount",
            "paymentOptionValueFlag": true,
            "paymentOptionAmountAdjustmentText": "",
            "allowedPromotionalBalanceIds": null
        }
    ],
    "validAutopayOptions": [
        {
            "amountPaymentOption": "MIN_PAYMENT_DUE",
            "paymentOptionDisplayName": "Minimum Payment Due",
            "paymentOptionValueFlag": false
        },
        {
            "amountPaymentOption": "LAST_STMT_BALANCE",
            "paymentOptionDisplayName": "Statement Balance in Full",
            "paymentOptionValueFlag": false
        },
        {
            "amountPaymentOption": "MIN_PAYMENT_DUE_PLUS_OTHER",
            "paymentOptionDisplayName": "Minimum  Payment Due + Extra Amount",
            "paymentOptionValueFlag": true
        },
        {
            "amountPaymentOption": "OTHER_AMOUNT_OR_MIN_DUE",
            "paymentOptionDisplayName": "Other Amount",
            "paymentOptionValueFlag": true
        }
    ],
    "autopayEnrolledFlag": false,
    "autopayEligibleFlag": false,
    "validBankAccounts": [
        {
            "confirmationNumber": "110164748050952",
            "accountHolder": null,
            "accountNickname": "",
            "defaultAccountFlag": true,
            "accountType": "SAVINGS",
            "accountTypeDisplayName": "Savings",
            "bankName": "U.S. BANK, NA",
            "routingNumber": "*****0453",
            "accountNumber": "**1212"
        },
	{
            "confirmationNumber": "110164748050953",
            "accountHolder": null,
            "accountNickname": "",
            "defaultAccountFlag": true,
            "accountType": "SAVINGS",
            "accountTypeDisplayName": "Savings",
            "bankName": "U.S. BANK, NA",
            "routingNumber": "*****0454",
            "accountNumber": "**1213"
        }

    ],
    "validDebitCards": [],
    "validAutoPayBankAccounts": [
        {
            "confirmationNumber": "110164748050952",
            "accountHolder": null,
            "accountNickname": "",
            "defaultAccountFlag": true,
            "accountType": "SAVINGS",
            "accountTypeDisplayName": "Savings",
            "bankName": "U.S. BANK, NA",
            "routingNumber": "*****0453",
            "accountNumber": "**1212"
        }
    ],
    "validAutoPayDebitCards": null,
    "paymentSourceSaveEligibleFlag": false,
    "authorizedSignerFlag": false,
    "verificationTextOption": null,
    "validationErrors": [
        {
            "fieldName": "paymentNotAuthorized.currentBalance",
            "message": "The customer is not eligible to make a payment at this time. Please review the Account Status and Balance for further details.",
            "wcagMessage": "commonwealth.payment.account.validationCurrentBalance"
        }
    ],
    "paymentWarnings": [],
    "uiPermissions": [
        "SUBMIT_PAYMENT",
        "EDIT_PAYMENT",
        "DELETE_PAYMENT",
        "ADD_PAYMENT_SOURCE",
        "EDIT_PAYMENT_SOURCE",
        "DELETE_PAYMENT_SOURCE"
    ],
    "paymentFlag": false,
    "pastDueFlag": false,
    "authorizationMessage": null,
    "confirmationMessage": null,
    "offerMessage": null,
    "pastDueMessage": null,
    "pastDueNotification": null,
    "accountWarning": null,
    "dynamicCopies": {
        "modules": [
            {
                "moduleName": "commonwealth.payments.dynamic.accountOverview.accountOverview",
                "dynamicEntries": [
                    {
                        "messageId": "accountNumber",
                        "messageText": "************5215",
                        "wcagMessageText": ""
                    }
                ]
            },
            {
                "moduleName": "commonwealth.payments.dynamic.notifications",
                "dynamicEntries": [
                    {
                        "messageId": "R55",
                        "messageText": "Payment source billing address",
                        "wcagMessageText": null
                    },
                    {
                        "messageId": "R56",
                        "messageText": "Enter the following details to verify your payment source.",
                        "wcagMessageText": null
                    }
                ]
            },
            {
                "moduleName": "commonwealth.payments.dynamic.accountOverview.maxPaymentTakeover",
                "dynamicEntries": [
                    {
                        "messageId": "header",
                        "messageText": "You've Reached Your Maximum Payment Amount",
                        "wcagMessageText": ""
                    },
                    {
                        "messageId": "text",
                        "messageText": "You may edit or cancel a payment if you want to make changes.",
                        "wcagMessageText": ""
                    }
                ]
            },
            {
                "moduleName": "commonwealth.payments.dynamic.makeAPayment.process",
                "dynamicEntries": [
                    {
                        "messageId": "pastDueHeader",
                        "messageText": "Pay Your Past Due Balance",
                        "wcagMessageText": ""
                    },
                    {
                        "messageId": "pastDueText",
                        "messageText": "Keep your account in good standing and avoid collections by making a payment below.",
                        "wcagMessageText": ""
                    }
                ]
            },
            {
                "moduleName": "commonwealth.payments.dynamic.accountOverview.manageAutopay",
                "dynamicEntries": [
                    {
                        "messageId": "setupAutopayNotice",
                        "messageText": "Save time in the future and simplify your life by enrolling in AutoPay.",
                        "wcagMessageText": ""
                    },
                    {
                        "messageId": "setupAutopayButton",
                        "messageText": "Set up AutoPay",
                        "wcagMessageText": ""
                    }
                ]
            },
            {
                "moduleName": "commonwealth.payments.dynamic.makeAPayment.mpd.tooltip",
                "dynamicEntries": [
                    {
                        "messageId": "totalSavingsAmount",
                        "messageText": "$24.00",
                        "wcagMessageText": null
                    },
                    {
                        "messageId": "monthlyPaymentFor36MonthAmount",
                        "messageText": "$30.00",
                        "wcagMessageText": null
                    },
                    {
                        "messageId": "numberOfMonthsToPayOffCount",
                        "messageText": "39",
                        "wcagMessageText": null
                    },
                    {
                        "messageId": "totalMinimumPaymentDuePayoffAmount",
                        "messageText": "$1,113.00",
                        "wcagMessageText": null
                    },
                    {
                        "messageId": "totalPaymentFor36MonthAmount",
                        "messageText": "$1,089.00",
                        "wcagMessageText": null
                    }
                ]
            }
        ]
    },
    "paperlessEnrollmentStatus": "BOTH_ON",
    "eppEligibilityFlag": false,
    "eppOverrideMessageList": [],
    "eppAuthorizationMessage": null,
    "eppDeclineMessage": null,
    "eppOverrideMessage": null,
    "totalPromotionalBalanceAmount": 0,
    "nextExpiringPromotionalBalanceAmount": 0,
    "nextExpiringPromotionEndDate": null,
    "promotionalBalances": [
        {
            "promotionalBalanceId": "2013501",
            "promotionIdentifier": "SPEXPXX0",
            "expirationDate": null,
            "promotionDescription": null,
            "currentBalanceAmount": 0,
            "originalTransactionAmount": 911.56,
            "minimumPaymentDueAmount": null,
            "transactionDate": "2020-05-13",
            "deferredInterestAmount": 0,
            "interestAmount": null,
            "creditedAmount": null,
            "planStatus": null,
            "newPromotionalOfferFlag": false,
            "expiringSoonPromotionalOfferFlag": false,
            "expiryMonthLeftCount": null
        }
    ]
}



